Ad ID,Start Date (in UTC),Campaign Name,Campaign Objective,Total Spent,Impressions,Reach,Clicks,Leads,Video Views,Campaign Status
117419203,02/01/2021,UK_Cloud that Comes to You_images_Q1/21,Website visits,0.00 ,0,0,0,0,,Completed
119798193,02/01/2021,UK_Cloud that Comes to You_videos_Q1/21-contact lists,Website visits,0.00 ,0,0,0,0,0,Paused
121570583,02/01/2021,UK_Hybrid Workplace_videos,Website visits,0.00 ,1,0,0,0,0,Paused
123200603,02/01/2021,UK_Hybrid Workplace_videos,Website visits,0.00 ,11,11,0,0,1,Paused
124335683,02/01/2021,UK_Cloud that Comes to You_videos_Q1/21_jobs.tit up 100,Website visits,0.00 ,0,0,0,0,0,Paused
124335703,02/01/2021,UK_Cloud that Comes to You_videos_Q1/21_jobs.tit up 100,Website visits,0.00 ,1,0,0,0,0,Paused
124335713,02/01/2021,UK_Cloud that Comes to You_videos_Q1/21_jobs.tit up 100,Website visits,0.00 ,1,0,0,0,0,Paused
125256603,02/01/2021,AI Bundles (Incremental - Sandy Ono)_15.01.21_contacts,Website visits,1571.14 ,113391,56739,191,0,,Active
125256923,02/01/2021,AI Bundles (Incremental - Sandy Ono)_15.01.21_job titles,Website visits,12000.00 ,226764,91698,778,0,,Completed
125258813,02/01/2021,"UK AMD Transactional (Virtualization)_ Jan 15, 2021_contacts",Website visits,393.51 ,7713,3269,24,0,,Completed
125259083,02/01/2021,"UK AMD Transactional (Virtualization)_ Jan 15, 2021_contacts",Website visits,358.89 ,7979,2995,16,0,,Completed
125273833,02/01/2021,"UK AMD Transactional (Virtualization)_Jan 15, 2021_job titles",Website visits,671.88 ,39646,36271,88,0,,Completed
125274253,02/01/2021,"UK AMD Transactional (Virtualization)_Jan 15, 2021_job titles",Website visits,358.12 ,20314,20314,42,0,,Completed
125282403,02/01/2021,UK AMD Transactional (Rack Server)_15 JAN 21_job titles,Website visits,533.45 ,15123,12688,37,0,,Completed
125282593,02/01/2021,UK AMD Transactional (Rack Server)_15 JAN 21_job titles,Website visits,196.55 ,5056,4366,6,0,,Completed
125284093,02/01/2021,UK AMD Transactional (Rack Server)_15 JAN 21_contacts,Website visits,1326.23 ,68032,52996,112,0,,Active
125284163,02/01/2021,UK AMD Transactional (Rack Server)_15 JAN 21_contacts,Website visits,1467.79 ,65154,48169,118,0,,Active
125284413,02/01/2021,"UK AMD Transactional (Multi-function)_Jan 15, 2021_ job titles",Website visits,731.30 ,39189,34414,59,0,,Completed
125284543,02/01/2021,"UK AMD Transactional (Multi-function)_Jan 15, 2021_ job titles",Website visits,698.70 ,44523,36911,51,0,,Completed
125285263,02/01/2021,"UK AMD Transactional (Multi-function)_Jan 15, 2021_ contacts",Website visits,313.42 ,16852,16819,25,0,,Completed
125285383,02/01/2021,"UK AMD Transactional (Multi-function)_Jan 15, 2021_ contacts",Website visits,436.58 ,21679,21464,37,0,,Completed
127770173,02/01/2021,UK_G1_Cloud that Comes to You_leads_Q2/21_contacts,Lead generation,848.46 ,28191,24744,131,18,,Active
127771813,02/01/2021,UK_G1_Cloud that Comes to You_leads_Q2/21_contacts,Lead generation,1871.44 ,64600,55746,291,8,,Active
127772283,02/01/2021,x,Lead generation,1825.80 ,44381,22946,182,61,,Completed
127772293,02/01/2021,x,Lead generation,201.01 ,8013,6181,20,1,,Completed
127784133,02/01/2021,UK_G1_Cloud that Comes to You_videos_Q2/21_contacts,Website visits,99.51 ,7925,7050,15,0,2061,Active
127786513,02/01/2021,UK_G1_Cloud that Comes to You_videos_Q2/21_contacts,Website visits,182.95 ,8107,6522,29,0,2126,Active
127787713,02/01/2021,UK_G1_Cloud that Comes to You_videos_Q2/21_contacts,Website visits,45.22 ,3499,3313,6,0,902,Active
127790013,02/01/2021,UK_G1_Cloud that Comes to You_videos_Q2/21_contacts,Website visits,41.70 ,2602,2537,6,0,700,Active
127791953,02/01/2021,UK_G1_Cloud that Comes to You_videos_Q2/21_contacts,Website visits,162.41 ,6049,4285,25,0,1652,Active
127793283,02/01/2021,UK_G1_Cloud that Comes to You_videos_Q2/21_job titles,Website visits,192.05 ,6946,5751,15,0,1490,Active
127793293,02/01/2021,UK_G1_Cloud that Comes to You_videos_Q2/21_job titles,Website visits,623.35 ,18624,12794,44,0,3846,Active
127793303,02/01/2021,UK_G1_Cloud that Comes to You_videos_Q2/21_job titles,Website visits,38.49 ,2617,2475,3,0,734,Active
127793313,02/01/2021,UK_G1_Cloud that Comes to You_videos_Q2/21_job titles,Website visits,782.22 ,25137,13863,55,0,5194,Active
127793323,02/01/2021,UK_G1_Cloud that Comes to You_videos_Q2/21_job titles,Website visits,113.02 ,2956,2666,7,0,769,Active
127800273,02/01/2021,UK_G6_Reinvent Your Workplace_Gorilla_leads_Q2/21_contacts,Lead generation,0.00 ,2,0,0,0,,Active
127801193,02/01/2021,UK_G6_Reinvent Your Workplace_Gorilla_leads_Q2/21_contacts,Lead generation,0.00 ,14,14,0,0,,Active
127801573,02/01/2021,UK_G6_Reinvent Your Workplace_Gorilla_leads_Q2/21_job titles,Lead generation,10.00 ,711,711,1,0,,Active
127801583,02/01/2021,UK_G6_Reinvent Your Workplace_Gorilla_leads_Q2/21_job titles,Lead generation,0.00 ,224,212,0,0,,Active
127805213,02/01/2021,UK_G6_Reinvent Your Workplace_Forrester_leads_Q2/21_contacts,Lead generation,114.19 ,2608,1159,15,1,,Active
127809973,02/01/2021,UK_G6_Reinvent Your Workplace_Forrester_leads_Q2/21_job titles,Lead generation,1523.03 ,41031,24402,124,11,,Completed
127818043,02/01/2021,UK_G6_Reinvent Your Workplace_Gorilla_leads_Q2/21_contacts,Lead generation,6.87 ,596,457,1,0,,Active
127818403,02/01/2021,UK_G6_Reinvent Your Workplace_Gorilla_leads_Q2/21_job titles,Lead generation,130.84 ,5515,5127,18,2,,Active
128748653,02/01/2021,x,Website visits,247.82 ,26400,19478,35,0,,Paused
128749713,02/01/2021,x,Website visits,380.71 ,41074,29525,53,0,,Paused
128771453,02/01/2021,UK_G6_Hybrid Workplace_videos_Q2/21_contacts,Website visits,900.00 ,32700,21126,126,0,6177,Completed
128772273,02/01/2021,UK_G6_Hybrid Workplace_videos_Q2/21_job titles,Website visits,180.30 ,13034,6978,21,0,2159,Active
128774513,02/01/2021,UK_G6_Hybrid Workplace_images_Q2/21_contacts,Website visits,53.06 ,6183,5273,9,0,,Completed
128774773,02/01/2021,UK_G6_Hybrid Workplace_images_Q2/21_contacts,Website visits,84.24 ,6288,5660,11,0,,Completed
128775103,02/01/2021,UK_G6_Hybrid Workplace_images_Q2/21_contacts,Website visits,103.84 ,7158,6211,16,0,,Completed
128775543,02/01/2021,UK_G6_Hybrid Workplace_images_Q2/21_contacts,Website visits,573.86 ,25890,18051,82,0,,Completed
128775913,02/01/2021,UK_G6_Hybrid Workplace_images_Q2/21_job titles,Website visits,186.89 ,9523,7240,18,0,,Completed
128775953,02/01/2021,UK_G6_Hybrid Workplace_images_Q2/21_job titles,Website visits,343.14 ,14111,9365,32,0,,Completed
128776003,02/01/2021,UK_G6_Hybrid Workplace_images_Q2/21_job titles,Website visits,202.35 ,10502,7730,18,0,,Completed
128776053,02/01/2021,UK_G6_Hybrid Workplace_images_Q2/21_job titles,Website visits,82.62 ,5502,4034,8,0,,Completed
128778013,02/01/2021,UK_G6_Reinvent Your Workplace_Forrester_leads_Q2/21_job titles,Lead generation,776.97 ,22798,16298,64,3,,Completed
128793113,02/01/2021,UK_G6_Reinvent Your Workplace_Gorilla_leads_Q2/21_contacts,Lead generation,0.00 ,12,12,0,0,,Active
128793203,02/01/2021,UK_G6_Reinvent Your Workplace_Gorilla_leads_Q2/21_contacts,Lead generation,0.00 ,4,4,0,0,,Active
128793563,02/01/2021,UK_G6_Reinvent Your Workplace_Gorilla_leads_Q2/21_job titles,Lead generation,31.20 ,6594,5377,4,0,,Active
128793593,02/01/2021,UK_G6_Reinvent Your Workplace_Gorilla_leads_Q2/21_job titles,Lead generation,430.73 ,20277,12896,55,7,,Active
128794193,02/01/2021,UK_G6_Reinvent Your Workplace_Forrester_leads_Q2/21_contacts,Lead generation,123.94 ,3631,1250,16,1,,Active
128794893,02/01/2021,UK_G6_Reinvent Your Workplace_Forrester_leads_Q2/21_contacts,Lead generation,151.26 ,4758,1474,21,0,,Active
128795913,02/01/2021,UK_G6_Reinvent Your Workplace_Gorilla_leads_Q2/21_contacts,Lead generation,0.00 ,11,10,0,0,,Active
128892823,02/01/2021,UK_G6_Reinvent Your Workplace_Gorilla_leads_Q2/21_contacts,Lead generation,24.48 ,1193,747,3,0,,Active
128893653,02/01/2021,UK_G6_Reinvent Your Workplace_Gorilla_leads_Q2/21_contacts,Lead generation,22.73 ,1132,649,3,1,,Active
128893833,02/01/2021,UK_G6_Reinvent Your Workplace_Gorilla_leads_Q2/21_contacts,Lead generation,94.55 ,1886,902,13,5,,Active
128895053,02/01/2021,UK_G6_Reinvent Your Workplace_Gorilla_leads_Q2/21_job titles,Lead generation,285.46 ,14713,9416,37,5,,Active
129224143,02/01/2021,UK_G1_Cloud that Comes to You_leads_Q2/21_contacts,Lead generation,288.28 ,9474,9474,42,0,,Active
129224713,02/01/2021,UK_G1_Cloud that Comes to You_leads_Q2/21_accounts,Lead generation,847.09 ,33850,25695,132,13,,Completed
129224723,02/01/2021,UK_G1_Cloud that Comes to You_leads_Q2/21_accounts,Lead generation,354.15 ,17300,15488,59,0,,Completed
129224733,02/01/2021,UK_G1_Cloud that Comes to You_leads_Q2/21_accounts,Lead generation,254.55 ,19461,17963,53,3,,Completed
129225503,02/01/2021,UK_G1_Cloud that Comes to You_leads_Q2/21_accounts,Lead generation,28.49 ,4258,4222,7,0,,Completed
129225643,02/01/2021,UK_G1_Cloud that Comes to You_leads_Q2/21_accounts,Lead generation,129.66 ,9272,8029,26,1,,Completed
129225723,02/01/2021,UK_G1_Cloud that Comes to You_leads_Q2/21_accounts,Lead generation,243.28 ,12818,11483,40,4,,Completed
129225763,02/01/2021,UK_G1_Cloud that Comes to You_leads_Q2/21_accounts,Lead generation,2142.77 ,106225,68314,378,51,,Completed
129226773,02/01/2021,x,Lead generation,53.11 ,1919,1736,5,1,,Completed
129226953,02/01/2021,x,Lead generation,148.92 ,3515,3045,12,6,,Completed
129227213,02/01/2021,x,Lead generation,476.46 ,10216,8365,43,12,,Completed
129227453,02/01/2021,x,Lead generation,20.17 ,1232,1112,2,0,,Completed
129227593,02/01/2021,x,Lead generation,155.53 ,3397,3397,16,3,,Completed
129228253,02/01/2021,UK_G1_Cloud that Comes to You_leads_Q2/21_contacts,Lead generation,866.07 ,26973,24941,128,4,,Active
129228443,02/01/2021,UK_G1_Cloud that Comes to You_leads_Q2/21_contacts,Lead generation,1242.81 ,37812,32342,185,7,,Active
129228463,02/01/2021,UK_G1_Cloud that Comes to You_leads_Q2/21_contacts,Lead generation,256.04 ,9778,9238,40,7,,Active
129228553,02/01/2021,UK_G1_Cloud that Comes to You_leads_Q2/21_contacts,Lead generation,4804.03 ,140304,82649,729,91,,Active
129232253,02/01/2021,UK_G1_Cloud that Comes to You_videos_Q2/21_contacts,Website visits,10.28 ,596,423,1,0,119,Active
129234123,02/01/2021,UK_G1_Cloud that Comes to You_videos_Q2/21_contacts,Website visits,13.55 ,847,576,2,0,174,Active
129236313,02/01/2021,UK_G1_Cloud that Comes to You_videos_Q2/21_contacts,Website visits,14.75 ,546,413,2,0,103,Active
129237823,02/01/2021,UK_G1_Cloud that Comes to You_videos_Q2/21_contacts,Website visits,0.00 ,500,434,0,0,103,Active
129238423,02/01/2021,UK_G1_Cloud that Comes to You_videos_Q2/21_contacts,Website visits,686.52 ,13916,3288,87,0,4395,Active
129238833,02/01/2021,UK_G1_Cloud that Comes to You_videos_Q2/21_accounts,Website visits,5.80 ,1170,1136,1,0,198,Active
129238843,02/01/2021,UK_G1_Cloud that Comes to You_videos_Q2/21_accounts,Website visits,3874.83 ,61538,46993,613,0,20060,Active
129238853,02/01/2021,UK_G1_Cloud that Comes to You_videos_Q2/21_accounts,Website visits,11.21 ,1243,1179,2,0,218,Active
129238863,02/01/2021,UK_G1_Cloud that Comes to You_videos_Q2/21_accounts,Website visits,12.71 ,1220,1143,2,0,217,Active
129238873,02/01/2021,UK_G1_Cloud that Comes to You_videos_Q2/21_accounts,Website visits,22.49 ,1942,1942,3,0,315,Active
129238883,02/01/2021,UK_G1_Cloud that Comes to You_videos_Q2/21_accounts,Website visits,19.75 ,1131,1079,3,0,221,Active
129238893,02/01/2021,UK_G1_Cloud that Comes to You_videos_Q2/21_accounts,Website visits,31.15 ,1274,1209,4,0,248,Active
129238903,02/01/2021,UK_G1_Cloud that Comes to You_videos_Q2/21_accounts,Website visits,3.84 ,1212,1187,1,0,217,Active
129238913,02/01/2021,UK_G1_Cloud that Comes to You_videos_Q2/21_accounts,Website visits,25.56 ,1938,1808,4,0,343,Active
129238923,02/01/2021,UK_G1_Cloud that Comes to You_videos_Q2/21_accounts,Website visits,0.00 ,1179,1179,0,0,187,Active
129240793,02/01/2021,UK_G1_Cloud that Comes to You_videos_Q2/21_job titles,Website visits,3758.90 ,38246,20349,363,0,13505,Active
129240803,02/01/2021,UK_G1_Cloud that Comes to You_videos_Q2/21_job titles,Website visits,0.00 ,634,634,0,0,143,Active
129240813,02/01/2021,UK_G1_Cloud that Comes to You_videos_Q2/21_job titles,Website visits,10.56 ,666,558,1,0,144,Active
129240823,02/01/2021,UK_G1_Cloud that Comes to You_videos_Q2/21_job titles,Website visits,0.00 ,659,654,0,0,107,Active
129240833,02/01/2021,UK_G1_Cloud that Comes to You_videos_Q2/21_job titles,Website visits,0.00 ,636,636,0,0,132,Active
129243753,02/01/2021,UK_G1_Cloud that Comes to You_videos_Q2/21_contacts,Website visits,10.74 ,676,502,1,0,141,Active
129243993,02/01/2021,UK_G1_Cloud that Comes to You_videos_Q2/21_job titles,Website visits,43.46 ,930,886,3,0,177,Active
129244103,02/01/2021,UK_G1_Cloud that Comes to You_videos_Q2/21_accounts,Website visits,11.50 ,1204,1204,2,0,240,Active
129534293,02/01/2021,UK_G1_Gl-D_Cloud that Comes to You_videos_Q2/21_contacts,Website visits,3228.45 ,217822,108884,305,0,38783,Completed
129534703,02/01/2021,UK_G1_Gl-D_Cloud that Comes to You_videos_Q2/21_contacts,Website visits,270.77 ,24120,19669,26,0,4384,Completed
129534763,02/01/2021,UK_G1_Gl-D_Cloud that Comes to You_videos_Q2/21_job titles,Website visits,1688.55 ,17859,14476,36,0,3984,Completed
129534773,02/01/2021,UK_G1_Gl-D_Cloud that Comes to You_videos_Q2/21_job titles,Website visits,587.00 ,7070,7061,11,0,1681,Completed
129535393,02/01/2021,UK_G1_Gl-D_Cloud that Comes to You_videos_Q2/21_accounts,Website visits,1361.69 ,49432,49090,69,0,9611,Completed
129535403,02/01/2021,UK_G1_Gl-D_Cloud that Comes to You_videos_Q2/21_accounts,Website visits,1328.08 ,50440,46766,67,0,9759,Completed
129600663,02/01/2021,UK_G1_Cloud that Comes to You_videos_Q2/21_contacts,Website visits,6.68 ,511,439,1,0,98,Active
129600703,02/01/2021,UK_G1_Cloud that Comes to You_videos_Q2/21_job titles,Website visits,0.00 ,410,410,0,0,86,Active
129600763,02/01/2021,UK_G1_Cloud that Comes to You_videos_Q2/21_accounts,Website visits,0.00 ,283,259,0,0,51,Active
129684223,02/01/2021,UK_G5_ Innovation & Insight on Demand_Q2/21_contacts,Website visits,2858.67 ,28986,23510,446,0,10615,Completed
129685373,02/01/2021,UK_G5_ Innovation & Insight on Demand_Q2/21_contacts,Website visits,12.46 ,430,423,2,0,107,Completed
129687123,02/01/2021,UK_G5_ Innovation & Insight on Demand_Q2/21_contacts,Website visits,78.87 ,1018,968,11,0,329,Completed
129687283,02/01/2021,UK_G5_ Innovation & Insight on Demand_Q2/21_job titles,Website visits,2905.75 ,35069,31817,402,0,11010,Completed
129687293,02/01/2021,UK_G5_ Innovation & Insight on Demand_Q2/21_job titles,Website visits,34.25 ,974,974,5,0,216,Completed
129687303,02/01/2021,UK_G5_ Innovation & Insight on Demand_Q2/21_job titles,Website visits,0.00 ,707,707,0,0,107,Completed
129687693,02/01/2021,UK_G5_ Innovation & Insight on Demand_Q2/21_accounts,Website visits,8.01 ,571,571,1,0,133,Completed
129687703,02/01/2021,UK_G5_ Innovation & Insight on Demand_Q2/21_accounts,Website visits,15.72 ,1094,1031,2,0,146,Completed
129687713,02/01/2021,UK_G5_ Innovation & Insight on Demand_Q2/21_accounts,Website visits,2916.26 ,63360,62207,341,0,16565,Completed
129822093,02/01/2021,AI Bundles (Incremental - Sandy Ono)_15.01.21_contacts,Website visits,1381.63 ,95776,46335,163,0,,Active
131971323,02/01/2021,UK_G1_Cloud that Comes to You_leads_Q2/21_job titles,Lead generation,885.05 ,11974,9359,62,20,,Active
131971333,02/01/2021,UK_G1_Cloud that Comes to You_leads_Q2/21_job titles,Lead generation,256.43 ,4590,4127,17,3,,Active
131971343,02/01/2021,UK_G1_Cloud that Comes to You_leads_Q2/21_job titles,Lead generation,1821.36 ,29943,21150,134,35,,Active
131971353,02/01/2021,UK_G1_Cloud that Comes to You_leads_Q2/21_job titles,Lead generation,326.57 ,4793,4505,22,10,,Active
131971363,02/01/2021,UK_G1_Cloud that Comes to You_leads_Q2/21_job titles,Lead generation,106.82 ,1941,1834,7,4,,Active
131971373,02/01/2021,UK_G1_Cloud that Comes to You_leads_Q2/21_job titles,Lead generation,40.90 ,1975,1765,3,0,,Active
131971383,02/01/2021,UK_G1_Cloud that Comes to You_leads_Q2/21_job titles,Lead generation,423.30 ,8099,7035,32,9,,Active
131971853,02/01/2021,UK_G1_Cloud that Comes to You_video_Magic_Q2/21_accounts,Website visits,3072.11 ,97153,59909,286,0,22950,Active
131972233,02/01/2021,UK_G1_Cloud that Comes to You_video_Magic_Q2/21_contacts,Website visits,9.04 ,364,332,1,0,115,Active
131972663,02/01/2021,UK_G1_Cloud that Comes to You_video_Magic_Q2/21_job titles,Website visits,1668.26 ,44308,23687,95,0,8899,Active
132892793,02/01/2021,UK_G5_Apollo 2000 GEN10 Plus White paper_Q2/21_job titles,Lead generation,131.89 ,3459,3459,9,0,,Completed
132892863,02/01/2021,UK_G5_Apollo 2000 GEN10 Plus White paper_Q2/21_job titles,Lead generation,207.23 ,4377,4189,15,2,,Completed
132893073,02/01/2021,UK_G5_Apollo 2000 GEN10 Plus White paper_Q2/21_job titles,Lead generation,158.87 ,3439,2944,10,0,,Completed
132893173,02/01/2021,UK_G5_Apollo 2000 GEN10 Plus White paper_Q2/21_job titles,Lead generation,350.01 ,5562,5321,25,0,,Completed
134438473,02/01/2021,UK_G1_Compute Incremental - Sandy Ono_Image to Website_Job Titles + Accounts,Website visits,3336.99 ,99869,80696,185,0,,Active
134438913,02/01/2021,UK_G2_Compute Incremental - Sandy Ono_Image to Website_Job Titles + Accounts,Website visits,3278.32 ,57431,32061,112,0,,Active
134439623,02/01/2021,UK_G5_Compute Incremental - Sandy Ono_Image to Website_Job Titles + Accounts,Website visits,3287.25 ,161277,88729,241,0,,Active
134440023,02/01/2021,UK_G6_Compute Incremental - Sandy Ono_Image to Website_Job Titles + Accounts,Website visits,3275.79 ,46933,23560,91,0,,Active
134671683,02/01/2021,UK_G5_HPC AI_Image to Website_NVIDIA GTC Social Cards_Q2/21_Accounts + Job Titles,Website visits,428.24 ,24120,9155,66,0,,Completed
134671743,02/01/2021,UK_G5_HPC AI_Image to Website_NVIDIA GTC Social Cards_Q2/21_Accounts + Job Titles,Website visits,446.25 ,20218,8375,83,0,,Completed
134671863,02/01/2021,UK_G5_HPC AI_Image to Website_NVIDIA GTC Social Cards_Q2/21_Accounts + Job Titles,Website visits,386.80 ,18921,8772,66,0,,Completed
134671913,02/01/2021,UK_G5_HPC AI_Image to Website_NVIDIA GTC Social Cards_Q2/21_Accounts + Job Titles,Website visits,398.71 ,20740,9509,71,0,,Completed
134702183,02/01/2021,EMEA_G5_HPC AI_Image to Website_NVIDIA GTC Social Cards_Q2/21_Accounts + Job Titles,Website visits,223.34 ,9216,9038,28,0,,Completed
134702193,02/01/2021,EMEA_G5_HPC AI_Image to Website_NVIDIA GTC Social Cards_Q2/21_Accounts + Job Titles,Website visits,593.40 ,24556,23730,94,0,,Completed
134702203,02/01/2021,EMEA_G5_HPC AI_Image to Website_NVIDIA GTC Social Cards_Q2/21_Accounts + Job Titles,Website visits,552.63 ,24275,24275,87,0,,Completed
134702213,02/01/2021,EMEA_G5_HPC AI_Image to Website_NVIDIA GTC Social Cards_Q2/21_Accounts + Job Titles,Website visits,300.63 ,12691,12691,49,0,,Completed
134707943,02/01/2021,CA+LATAM_G5_HPC AI_Image to Website_NVIDIA GTC Social Cards_Q2/21_Accounts + Job Titles,Website visits,258.89 ,20102,20102,41,0,,Completed
134707953,02/01/2021,CA+LATAM_G5_HPC AI_Image to Website_NVIDIA GTC Social Cards_Q2/21_Accounts + Job Titles,Website visits,468.58 ,36517,35249,81,0,,Completed
134707963,02/01/2021,CA+LATAM_G5_HPC AI_Image to Website_NVIDIA GTC Social Cards_Q2/21_Accounts + Job Titles,Website visits,324.01 ,25823,24112,62,0,,Completed
134707973,02/01/2021,CA+LATAM_G5_HPC AI_Image to Website_NVIDIA GTC Social Cards_Q2/21_Accounts + Job Titles,Website visits,618.52 ,48057,42558,142,0,,Completed
135409043,02/01/2021,"UK AMD Transactional (Multi-function)_Jan 15, 2021_ job titles 2",Website visits,467.18 ,27936,27936,45,0,,Active
135409053,02/01/2021,"UK AMD Transactional (Multi-function)_Jan 15, 2021_ job titles 2",Website visits,365.73 ,20442,20442,27,0,,Active
135409523,02/01/2021,"UK AMD Transactional (Virtualization)_Jan 15, 2021_job titles",Website visits,310.22 ,18949,17836,31,0,,Active
135409533,02/01/2021,"UK AMD Transactional (Virtualization)_Jan 15, 2021_job titles",Website visits,523.21 ,33368,32982,55,0,,Active
135577133,02/01/2021,PL_G4_Simplify & Unlock Agility (Storage)_leads_Q2/21_ job titles,Lead generation,337.00 ,4344,3322,28,3,,Completed
135577583,02/01/2021,PL_G4_Simplify & Unlock Agility (Storage)_leads_Q2/21_contacts+companies,Lead generation,337.00 ,10231,9597,36,0,,Completed
135579863,02/01/2021,TUR_G4_Simplify & Unlock Agility (Storage)_leads_Q2/21_job titles,Lead generation,567.00 ,19529,14898,161,10,,Completed
135579953,02/01/2021,TUR_G4_Simplify & Unlock Agility (Storage)_leads_Q2/21_contacts,Lead generation,52.99 ,734,502,6,0,,Active
135580383,02/01/2021,TUR_G4_Simplify & Unlock Agility (Storage)_leads_Q2/21_companies,Lead generation,567.00 ,23082,17867,149,0,,Completed
135582423,02/01/2021,ZA_G4 Simplify & Unlock_leads_Q2/21_job titles,Lead generation,666.35 ,4502,3123,32,3,,Active
114368986,02/01/2021,CH_Lang-de_G1_Cloud That Comes To You_Leads_Image to Website_Q2/21_Company,Website visits,1659.70 ,20004,3399,42,0,,Active
119805163,02/01/2021,GE_Cloud that Comes to You_videos_Q1/21_up 1000 size,Website visits,0.00 ,0,0,0,0,0,Completed
123241383,02/01/2021,GE_Cloud that Comes to You_videos_Q1/21_ENG,Website visits,0.00 ,0,0,0,0,0,Completed
125351163,02/01/2021,GE_AMD Transactional (Workloads)_Image_Job Titles,Website visits,317.21 ,7381,6851,20,0,,Completed
125351233,02/01/2021,GE_AMD Transactional (Workloads)_Image_Job Titles,Website visits,32.47 ,832,832,3,0,,Completed
125352233,02/01/2021,GE_AMD Transactional (Virtualization)_Image_Job Titles,Website visits,174.67 ,4196,3989,12,0,,Completed
125352313,02/01/2021,GE_AMD Transactional (Virtualization)_Image_Job Titles,Website visits,111.93 ,2247,2103,9,0,,Completed
127028503,02/01/2021,GE_AMD Transactional (Workloads)_Image_contacts Q2/21_Ger,Website visits,2721.35 ,84691,31025,151,0,,Active
127028753,02/01/2021,GE_AMD Transactional (Workloads)_Image_contacts Q2/21_Ger,Website visits,1552.42 ,50881,23566,79,0,,Active
127029203,02/01/2021,GE_AMD Transactional (Workloads)_Image_Job Titles Q2/21 Ger,Website visits,627.98 ,15587,9795,40,0,,Completed
127029213,02/01/2021,GE_AMD Transactional (Workloads)_Image_Job Titles Q2/21 Ger,Website visits,772.02 ,17187,9767,48,0,,Completed
127030693,02/01/2021,GE_AMD Transactional (Virtualization)_Image_Contacts Q2/21 Ger,Website visits,88.97 ,5253,5200,10,0,,Active
127030703,02/01/2021,GE_AMD Transactional (Virtualization)_Image_Contacts Q2/21 Ger,Website visits,152.30 ,9064,7721,16,0,,Active
127031793,02/01/2021,GE_AMD Transactional (Virtualization)_Image_Job Titles Q2/21 Ger,Website visits,122.97 ,4245,3034,12,0,,Completed
127031803,02/01/2021,GE_AMD Transactional (Virtualization)_Image_Job Titles Q2/21 Ger,Website visits,177.03 ,3245,2574,13,0,,Completed
127193163,02/01/2021,GE_G1_ColdPlay (SAPaaS)_videos_Q2/21_contacts,Website visits,0.00 ,294,205,0,0,94,Active
127193423,02/01/2021,GE_G1_ColdPlay (SAPaaS)_videos_Q2/21_job titles,Website visits,52.86 ,1154,1079,4,0,266,Active
127194783,02/01/2021,GE_G1_ColdPlay _v.ampl_videos_Q2/21_contacts,Website visits,0.00 ,9,8,0,0,0,Active
127195433,02/01/2021,GE_G1_ColdPlay _v.ampl_videos_Q2/21_job titles,Website visits,22.16 ,1541,1364,2,0,287,Active
127197743,02/01/2021,GE_G5_Insight On Demand_AI Bundles Q2/21_contacts,Website visits,251.14 ,19933,19933,34,0,,Paused
127197843,02/01/2021,GE_G5_Insight On Demand_AI Bundles Q2/21_job titles,Website visits,0.00 ,947,947,0,0,,Active
127293773,02/01/2021,GE_G1_ColdPlay_videos_Q2/21_accounts,Website visits,7603.47 ,140249,55467,371,0,28128,Active
127429763,02/01/2021,GE_G1_ColdPlay_videos_Q2/21_contacts,Website visits,83.77 ,840,347,3,0,273,Completed
127430183,02/01/2021,GE_G1_ColdPlay_videos_Q2/21_contacts,Website visits,0.00 ,192,144,0,0,59,Completed
127430203,02/01/2021,GE_G1_ColdPlay_videos_Q2/21_contacts,Website visits,66.23 ,778,339,2,0,213,Completed
127431263,02/01/2021,GE_G1_ColdPlay_videos_Q2/21_job titles,Website visits,3300.08 ,37554,14234,100,0,9041,Completed
127431693,02/01/2021,GE_G1_ColdPlay_videos_Q2/21_job titles,Website visits,936.31 ,11799,7576,21,0,2278,Completed
127431703,02/01/2021,GE_G1_ColdPlay_videos_Q2/21_job titles,Website visits,23.62 ,2483,2149,2,0,537,Completed
127432283,02/01/2021,GE_G5_Insight On Demand_AI Bundles_image Q2/21_contacts,Website visits,2820.96 ,154571,114169,330,0,,Active
127432443,02/01/2021,GE_G5_Insight On Demand_AI Bundles_image_Q2/21_job titles,Website visits,182.59 ,6400,4618,12,0,,Completed
129286423,02/01/2021,GE_G1_ColdPlay_videos_Q2/21_accounts,Website visits,59.31 ,3342,3342,2,0,559,Active
129286513,02/01/2021,GE_G1_ColdPlay_videos_Q2/21_accounts,Website visits,242.16 ,7327,5773,9,0,1329,Active
129287763,02/01/2021,GE_G1_ColdPlay_videos_Q2/21_accounts,Website visits,1261.74 ,28860,21570,65,0,5297,Active
129287863,02/01/2021,GE_G1_ColdPlay_videos_Q2/21_accounts,Website visits,366.32 ,8237,7123,12,0,1408,Active
129288073,02/01/2021,GE_G1_ColdPlay_videos_Q2/21_accounts,Website visits,472.76 ,11290,8937,22,0,1849,Active
129312813,02/01/2021,GE_G5_Insight On Demand_AI Bundles_image_Q2/21_job titles,Website visits,267.41 ,6351,4438,5,0,,Completed
130857303,02/01/2021,DACH_G5 Innovation & Insight on Demand_Q2/21_Job Titles,Website visits,306.82 ,3576,2924,11,0,,Completed
131308373,02/01/2021,DACH_G1 Cloud That Comes To You_Leads_Q2/21_accounts+ companies,Website visits,20.74 ,196,196,2,0,39,Active
131380403,02/01/2021,DACH_G5 Innovation & Insight on Demand_Q2/21_Job Titles,Website visits,1939.86 ,22566,11614,55,0,,Completed
131383223,02/01/2021,DACH_G1 Cloud That Comes To You_Leads_Q2/21_Job TItles,Website visits,2248.46 ,20458,10503,61,0,4910,Completed
131744183,02/01/2021,DE_SMB/Transactional_NVIDIA_Image to Website_Q2/21_Accounts + Job Titles,Website visits,9738.98 ,198838,114749,424,0,,Active
131977203,02/01/2021,GE_G1_ColdPlay_videos_Q2/21_skills,Website visits,5275.85 ,85633,73425,222,0,19241,Completed
131977213,02/01/2021,GE_G1_ColdPlay_videos_Q2/21_skills,Website visits,364.15 ,6647,6227,8,0,1351,Completed
131984333,02/01/2021,GE_G1_ColdPlay_videos_Q2/21_Eng_skills,Website visits,403.67 ,10360,7867,20,0,1950,Completed
131984473,02/01/2021,GE_G1_ColdPlay_videos_Q2/21_Eng_skills,Website visits,8596.33 ,175831,95479,486,0,38606,Completed
132829183,02/01/2021,CH_Lang-de_G1_Cloud That Comes To You_Leads_Image to Website_Q2/21_Job TItles,Website visits,1764.85 ,20736,4954,48,0,,Active
132831563,02/01/2021,CH_Lang-fr_G1_Cloud That Comes To You_Leads_Image to Website_Q2/21_Job TItles,Website visits,1026.36 ,10276,1527,30,0,,Active
133225133,02/01/2021,GE&AT&CHE_G5_Apollo 2000 GEN10_leads_Q2/21_accounts,Lead generation,1060.65 ,35803,28433,89,0,,Completed
133225203,02/01/2021,GE&AT&CHE_G5_Apollo 2000 GEN10_leads_Q2/21_accounts,Lead generation,852.70 ,30850,27138,68,0,,Completed
133225563,02/01/2021,GE&AT&CHE_G5_Apollo 2000 GEN10_leads_Q2/21_accounts,Lead generation,137.27 ,7676,7511,12,0,,Completed
133225603,02/01/2021,GE&AT&CHE_G5_Apollo 2000 GEN10_leads_Q2/21_accounts,Lead generation,449.39 ,18617,18617,39,0,,Completed
133226883,02/01/2021,GE&AT&CHE_G5_Apollo 2000 GEN10_leads_Q2/21_job titles,Lead generation,716.80 ,12026,6893,52,0,,Active
133226893,02/01/2021,GE&AT&CHE_G5_Apollo 2000 GEN10_leads_Q2/21_job titles,Lead generation,228.22 ,3785,2801,14,0,,Active
133226903,02/01/2021,GE&AT&CHE_G5_Apollo 2000 GEN10_leads_Q2/21_job titles,Lead generation,17.98 ,1037,876,1,0,,Active
133226913,02/01/2021,GE&AT&CHE_G5_Apollo 2000 GEN10_leads_Q2/21_job titles,Lead generation,1536.99 ,23708,11195,109,5,,Active
134436433,02/01/2021,DE_G1_Compute Incremental - Sandy Ono_Image to Website_Job Titles + Accounts,Website visits,3335.37 ,46775,25463,108,0,,Active
134436863,02/01/2021,DE_G2_Compute Incremental - Sandy Ono_Image to Website_Job Titles + Accounts,Website visits,3295.12 ,62012,53553,105,0,,Active
134437303,02/01/2021,DE_G5_Compute Incremental - Sandy Ono_Image to Website_Job Titles + Accounts,Website visits,978.05 ,10188,6870,11,0,,Active
134437813,02/01/2021,DE_G6_Compute Incremental - Sandy Ono_Image to Website_Job Titles + Accounts,Website visits,3828.32 ,76959,56793,140,0,,Active
135254043,02/01/2021,DE&AT&CHE_Hannover Messe_imageQ2/21,Website visits,1000.00 ,12620,9965,31,0,,Completed
127352643,02/01/2021,GE_G3_Unleash the Power of Your Data (Storage)_leads_Q2/21_contacts,Lead generation,6.39 ,715,715,1,0,,Completed
127438923,02/01/2021,GE_G3_Nimble video amplification_Q2/21_job titles,Website visits,955.00 ,29571,12226,60,0,6008,Completed
127440393,02/01/2021,GE_G3_Nimble video amplification_Q2/21_contacts,Website visits,1007.37 ,34370,18842,61,0,7187,Active
127444423,02/01/2021,GE_G4_Simplify & Unlock Agility_dHCI video_Q2/21_job titles,Website visits,960.00 ,26010,10853,50,0,6286,Completed
127444943,02/01/2021,GE_G4_Simplify & Unlock Agility_dHCI video_Q2/21_contacts,Website visits,100.70 ,8911,6386,15,0,1630,Active
127446593,02/01/2021,GE_G4_Simplify & Unlock Agility (Storage)_continuation_leads_Q2/21_job titles,Lead generation,2350.00 ,32666,13953,208,64,,Completed
127447203,02/01/2021,GE_G4_Simplify & Unlock Agility (Storage)_continuation_leads_Q2/21_contacts,Lead generation,3350.00 ,79237,29239,284,28,,Completed
128621763,02/01/2021,GE_G3_Unleash the Power of Your Data (Storage)_leads_Q2/21_job titles,Lead generation,1262.81 ,24295,16016,65,4,,Active
128622293,02/01/2021,GE_G3_Unleash the Power of Your Data (Storage)_leads_Q2/21_contacts,Lead generation,1243.61 ,30572,17841,96,3,,Completed
129633453,02/01/2021,GE_G3_Unleash the Power of Your Data (Storage)_leads_Q2/21_accounts,Lead generation,1748.03 ,45616,31656,121,2,,Completed
129635053,02/01/2021,GE_G3_Nimble video amplification_Q2/21_accounts,Website visits,1100.00 ,19038,11500,34,0,3624,Completed
133218973,02/01/2021,GE_G3_Unleash the Power of Your Data (Storage)_leads_Q2/21_contacts,Lead generation,610.00 ,6716,5757,22,3,,Completed
133219213,02/01/2021,GE_G3_Unleash the Power of Your Data (Storage)_leads_Q2/21_accounts,Lead generation,151.97 ,2123,1849,10,1,,Completed
124411413,02/01/2021,"GE_dHCI_social capture_Jan 5, 2021_job titles",Lead generation,0.00 ,0,0,329,1,,Completed
125278403,02/01/2021,"GE_dHCI_social capture_Jan 5, 2021_contacts",Lead generation,0.00 ,0,0,1022,0,,Completed
132519513,02/01/2021,DE_G3_Intelligent Data Platform _ Nimble Storage_Leads_Q2/21_Contact,Lead generation,2146.70 ,11276,11276,4979,0,,Active
132520633,02/01/2021,DE_G3_Intelligent Data Platform _ Nimble Storage_Leads_Q2/21_Job Titles,Lead generation,2885.22 ,10106,10106,3975,16,,Active
134803363,02/01/2021,DE_G7_DERMO Digital Manufacturing_Christel Hollender-Koenig_InMail_ Accounts + Job Titles,Website visits,38.86 ,146,128,53,0,,Active
135070043,02/01/2021,DE_G7_DERMO Digital Manufacturing_Christel Hollender-Koenig_InMail_ Accounts + Job Titles,Website visits,4024.73 ,15535,15535,5065,0,,Active
123284994,02/01/2021,ZA_G4 Simplify & Unlock_leads_Q2/21_job titles,Lead generation,85.02 ,5709,3049,17,2,,Active
123285224,02/01/2021,ZA_G4 Simplify & Unlock_leads_Q2/21_contacts,Lead generation,55.92 ,4877,3355,18,0,,Active
123556824,02/01/2021,UAE_G4 Simplify & Unlock_leads_Q2/21_contacts,Lead generation,54.68 ,5916,3399,15,0,,Active
123557184,02/01/2021,UAE_G4 Simplify & Unlock_leads_Q2/21_SMB,Lead generation,1250.00 ,129790,78759,452,27,,Active
124389364,02/01/2021,ZA_G4 Simplify & Unlock_leads_Q2/21_companies,Lead generation,365.44 ,18572,16646,83,4,,Active
124554084,02/01/2021,UAE_G4 Simplify & Unlock_leads_Q2/21_job titles,Lead generation,19.43 ,1241,1206,3,0,,Active
124617394,02/01/2021,ZA_G4 Simplify & Unlock_leads_Q2/21_job titles,Lead generation,80.81 ,8241,3443,17,6,,Active
124617774,02/01/2021,ZA_G4 Simplify & Unlock_leads_Q2/21_contacts,Lead generation,16.65 ,3327,1885,6,0,,Active
124618014,02/01/2021,ZA_G4 Simplify & Unlock_leads_Q2/21_companies,Lead generation,2819.87 ,148647,60197,543,38,,Active
124618444,02/01/2021,UAE_G4 Simplify & Unlock_leads_Q2/21_contacts,Lead generation,549.90 ,24521,8006,99,4,,Active
124618864,02/01/2021,UAE_G4 Simplify & Unlock_leads_Q2/21_SMB,Lead generation,2796.67 ,141709,79934,570,22,,Active
124619054,02/01/2021,UAE_G4 Simplify & Unlock_leads_Q2/21_job titles,Lead generation,428.87 ,19795,5557,60,4,,Active
126096744,02/01/2021,ISR_Intelligent Data Platform_video_Q2/21_job titles,Website visits,961.45 ,36262,21422,169,0,9140,Active
126212254,02/01/2021,UAE_G4 Simplify & Unlock_leads_Q2/21_contacts,Lead generation,163.46 ,5763,3877,24,2,,Active
126572484,02/01/2021,UAE_G4 Simplify & Unlock_leads_Q2/21_contacts,Lead generation,0.00 ,145,145,0,0,,Active
126572704,02/01/2021,UAE_G4 Simplify & Unlock_leads_Q2/21_SMB,Lead generation,0.00 ,2,0,0,0,,Active
126572884,02/01/2021,UAE_G4 Simplify & Unlock_leads_Q2/21_job titles,Lead generation,9.01 ,138,127,2,0,,Active
126702964,02/01/2021,UAE_G4 Simplify & Unlock_leads_Q2/21_contacts,Lead generation,48.19 ,3292,2498,8,1,,Active
126703854,02/01/2021,UAE_G4 Simplify & Unlock_leads_Q2/21_job titles,Lead generation,95.59 ,4476,2962,13,0,,Active
126704054,02/01/2021,UAE_G4 Simplify & Unlock_leads_Q2/21_SMB,Lead generation,953.33 ,37645,33182,185,6,,Active
126704674,02/01/2021,ZA_G4 Simplify & Unlock_leads_Q2/21_job titles,Lead generation,501.84 ,13396,11052,84,10,,Active
127180644,02/01/2021,ZA_G4 Simplify & Unlock_leads_Q2/21_job titles,Lead generation,2198.10 ,77139,38403,345,24,,Active
127181134,02/01/2021,ZA_G4 Simplify & Unlock_leads_Q2/21_contacts,Lead generation,10.07 ,1642,1406,2,0,,Active
127181334,02/01/2021,ZA_G4 Simplify & Unlock_leads_Q2/21_companies,Lead generation,2674.95 ,104107,56748,394,17,,Active
127182624,02/01/2021,UAE_G4 Simplify & Unlock_leads_Q2/21_SMB,Lead generation,3389.04 ,142719,82143,617,21,,Active
127182684,02/01/2021,UAE_G4 Simplify & Unlock_leads_Q2/21_contacts,Lead generation,86.31 ,6432,4080,15,1,,Active
127182844,02/01/2021,UAE_G4 Simplify & Unlock_leads_Q2/21_job titles,Lead generation,333.92 ,11410,4358,40,0,,Active
127715304,02/01/2021,PL_G4_Simplify & Unlock Agility (Storage)_leads_Q2/21_ job titles,Lead generation,51.47 ,1834,1373,5,2,,Active
129523803,02/01/2021,JP_G1_Cloud that Comes to You_videos_Q2/21_contacts,Website visits,1001.96 ,27097,14552,77,0,8902,Active
129524043,02/01/2021,JP_G1_Cloud that Comes to You_videos_Q2/21_contacts,Website visits,1079.27 ,28738,16232,85,0,9841,Active
129524413,02/01/2021,JP_G1_Cloud that Comes to You_videos_Q2/21_job titles,Website visits,160.23 ,1376,839,1,0,461,Completed
129524423,02/01/2021,JP_G1_Cloud that Comes to You_videos_Q2/21_job titles,Website visits,171.76 ,1472,829,2,0,590,Completed
129524763,02/01/2021,JP_G1_Cloud that Comes to You_videos_Q2/21_accounts,Website visits,291.93 ,4326,2590,11,0,1337,Active
129524773,02/01/2021,JP_G1_Cloud that Comes to You_videos_Q2/21_accounts,Website visits,388.42 ,5710,3382,16,0,2015,Active
129526553,02/01/2021,JP_G1_Cloud that Comes to You_images_Q2/21_contacts,Website visits,345.52 ,6115,2804,37,0,,Completed
129527003,02/01/2021,JP_G1_Cloud that Comes to You_images_Q2/21_contacts,Website visits,335.51 ,6139,2147,61,0,,Completed
129527183,02/01/2021,JP_G1_Cloud that Comes to You_images_Q2/21_job titles,Website visits,244.49 ,2792,1058,18,0,,Active
129527193,02/01/2021,JP_G1_Cloud that Comes to You_images_Q2/21_job titles,Website visits,316.38 ,2879,1212,21,0,,Active
129527723,02/01/2021,JP_G1_Cloud that Comes to You_images_Q2/21_accounts,Website visits,375.78 ,7120,3135,37,0,,Completed
129527733,02/01/2021,JP_G1_Cloud that Comes to You_images_Q2/21_accounts,Website visits,418.01 ,8222,3300,60,0,,Completed
132429613,02/01/2021,JP_G1_Cloud that Comes to You_videos_Q2/21_job titles,Website visits,657.44 ,4231,1348,16,0,2266,Completed
132429793,02/01/2021,JP_G1_Cloud that Comes to You_videos_Q2/21_job titles,Website visits,892.72 ,5515,2043,25,0,2260,Completed
132429913,02/01/2021,JP_G1_Cloud that Comes to You_videos_Q2/21_accounts,Website visits,988.03 ,12704,5106,26,0,6136,Active
132429923,02/01/2021,JP_G1_Cloud that Comes to You_videos_Q2/21_accounts,Website visits,1527.64 ,18817,7252,43,0,7877,Active
132430903,02/01/2021,JP_G1_Cloud that Comes to You_videos_Q2/21_contacts,Website visits,693.69 ,10306,6080,25,0,4548,Active
132430923,02/01/2021,JP_G1_Cloud that Comes to You_videos_Q2/21_contacts,Website visits,1576.88 ,23349,10633,75,0,10099,Active
132431073,02/01/2021,JP_G1_Cloud that Comes to You_images_Q2/21_contacts,Website visits,1062.62 ,17603,4050,127,0,,Completed
132431143,02/01/2021,JP_G1_Cloud that Comes to You_images_Q2/21_contacts,Website visits,998.91 ,18459,4426,109,0,,Completed
132432203,02/01/2021,JP_G1_Cloud that Comes to You_images_Q2/21_job titles,Website visits,1278.48 ,12838,2616,43,0,,Active
132432213,02/01/2021,JP_G1_Cloud that Comes to You_images_Q2/21_job titles,Website visits,877.49 ,6631,1594,41,0,,Active
132432333,02/01/2021,JP_G1_Cloud that Comes to You_images_Q2/21_accounts,Website visits,1129.99 ,18777,4480,125,0,,Completed
132432343,02/01/2021,JP_G1_Cloud that Comes to You_images_Q2/21_accounts,Website visits,878.23 ,15458,4296,79,0,,Completed
133827763,02/01/2021,JP_G1_Cloud that Comes to You_images_Q2/21_contacts,Website visits,349.97 ,4759,1158,54,0,,Completed
133840853,02/01/2021,JP_G1_Cloud that Comes to You_images_Q2/21_job titles,Website visits,358.85 ,3175,1000,31,0,,Active
133841303,02/01/2021,JP_G1_Cloud that Comes to You_images_Q2/21_accounts,Website visits,359.92 ,4941,1675,58,0,,Completed
134487993,02/01/2021,JP_G1_Cloud that Comes to You_videos_Q2/21_job titles,Website visits,117.85 ,899,429,5,0,509,Completed
134488163,02/01/2021,JP_G1_Cloud that Comes to You_videos_Q2/21_accounts,Website visits,210.93 ,2799,1466,5,0,1465,Active
134488723,02/01/2021,JP_G1_Cloud that Comes to You_videos_Q2/21_contacts,Website visits,581.35 ,8482,5485,22,0,4138,Active
134489893,02/01/2021,JP_G1_Cloud that Comes to You_images_Q2/21_accounts,Website visits,273.06 ,3498,1266,30,0,,Completed
134490063,02/01/2021,JP_G1_Cloud that Comes to You_images_Q2/21_job titles,Website visits,339.23 ,3491,908,19,0,,Active
134490223,02/01/2021,JP_G1_Cloud that Comes to You_images_Q2/21_contacts,Website visits,342.47 ,4224,1397,47,0,,Completed
129518283,02/01/2021,JP_G3_Unleash the Power of Your Data (Storage)_images_Q2/21_contacts,Website visits,349.94 ,4745,1994,33,0,,Completed
129518773,02/01/2021,JP_G3_Unleash the Power of Your Data (Storage)_images_Q2/21_contacts,Website visits,277.72 ,3319,1379,30,0,,Completed
129519023,02/01/2021,JP_G3_Unleash the Power of Your Data (Storage)_images_Q2/21_job titles,Website visits,297.65 ,2674,934,20,0,,Completed
129519033,02/01/2021,JP_G3_Unleash the Power of Your Data (Storage)_images_Q2/21_job titles,Website visits,271.77 ,3462,1299,18,0,,Completed
129519393,02/01/2021,JP_G3_Unleash the Power of Your Data (Storage)_images_Q2/21_accounts,Website visits,1011.15 ,22136,8245,114,0,,Active
129519403,02/01/2021,JP_G3_Unleash the Power of Your Data (Storage)_images_Q2/21_accounts,Website visits,831.84 ,15789,6230,110,0,,Active
132434793,02/01/2021,JP_G3_Unleash the Power of Your Data (Storage)_images_Q2/21_contacts,Website visits,187.69 ,1786,1076,9,0,,Completed
132434923,02/01/2021,JP_G3_Unleash the Power of Your Data (Storage)_images_Q2/21_contacts,Website visits,250.46 ,2665,1492,16,0,,Completed
132435063,02/01/2021,JP_G3_Unleash the Power of Your Data (Storage)_images_Q2/21_job titles,Website visits,1280.75 ,11152,2579,37,0,,Completed
132435073,02/01/2021,JP_G3_Unleash the Power of Your Data (Storage)_images_Q2/21_job titles,Website visits,1104.14 ,7917,1897,42,0,,Completed
132435123,02/01/2021,JP_G3_Unleash the Power of Your Data (Storage)_images_Q2/21_accounts,Website visits,1459.73 ,18767,5339,139,0,,Active
132435143,02/01/2021,JP_G3_Unleash the Power of Your Data (Storage)_images_Q2/21_accounts,Website visits,1330.71 ,16437,3959,152,0,,Active
132438103,02/01/2021,JP_G3_Unleash the Power of Your Data (Storage)_videos_Q2/21_contacts,Website visits,39.70 ,261,147,2,0,93,Active
132438413,02/01/2021,JP_G3_Unleash the Power of Your Data (Storage)_videos_Q2/21_contacts,Website visits,46.26 ,288,140,2,0,102,Active
132438623,02/01/2021,JP_G3_Unleash the Power of Your Data (Storage)_videos_Q2/21_job titles,Website visits,308.21 ,1930,1108,11,0,615,Active
132438633,02/01/2021,JP_G3_Unleash the Power of Your Data (Storage)_videos_Q2/21_job titles,Website visits,140.40 ,926,596,2,0,269,Active
132438923,02/01/2021,JP_G3_Unleash the Power of Your Data (Storage)_videos_Q2/21_accounts,Website visits,141.81 ,3755,2609,3,0,839,Active
132438933,02/01/2021,JP_G3_Unleash the Power of Your Data (Storage)_videos_Q2/21_accounts,Website visits,156.08 ,4495,3083,6,0,1076,Active
133829373,02/01/2021,JP_G3_Unleash the Power of Your Data (Storage)_images_Q2/21_contacts,Website visits,434.10 ,3996,1844,42,0,,Completed
133844593,02/01/2021,JP_G3_Unleash the Power of Your Data (Storage)_images_Q2/21_job titles,Website visits,469.52 ,2727,1463,30,0,,Completed
133844983,02/01/2021,JP_G3_Unleash the Power of Your Data (Storage)_images_Q2/21_accounts,Website visits,1886.13 ,26347,8601,280,0,,Active
134530463,02/01/2021,JP_G3_Unleash the Power of Your Data (Storage)_videos_Q2/21_contacts,Website visits,24.55 ,120,82,1,0,36,Active
134530783,02/01/2021,JP_G3_Unleash the Power of Your Data (Storage)_videos_Q2/21_contacts,Website visits,20.87 ,112,82,1,0,46,Active
134530903,02/01/2021,JP_G3_Unleash the Power of Your Data (Storage)_videos_Q2/21_job titles,Website visits,199.93 ,1141,808,6,0,359,Active
134530923,02/01/2021,JP_G3_Unleash the Power of Your Data (Storage)_videos_Q2/21_job titles,Website visits,319.51 ,1759,1111,9,0,556,Active
134531043,02/01/2021,JP_G3_Unleash the Power of Your Data (Storage)_videos_Q2/21_accounts,Website visits,536.01 ,4791,3359,20,0,1276,Active
134531063,02/01/2021,JP_G3_Unleash the Power of Your Data (Storage)_videos_Q2/21_accounts,Website visits,611.50 ,5564,4042,21,0,1331,Active
134532853,02/01/2021,JP_G3_Unleash the Power of Your Data (Storage)_images_Q2/21_contacts,Website visits,144.80 ,1484,585,8,0,,Completed
134533223,02/01/2021,JP_G3_Unleash the Power of Your Data (Storage)_images_Q2/21_contacts,Website visits,155.28 ,1550,576,12,0,,Completed
134533433,02/01/2021,JP_G3_Unleash the Power of Your Data (Storage)_images_Q2/21_job titles,Website visits,39.53 ,327,124,4,0,,Completed
134533503,02/01/2021,JP_G3_Unleash the Power of Your Data (Storage)_images_Q2/21_job titles,Website visits,36.64 ,256,114,3,0,,Completed
134533623,02/01/2021,JP_G3_Unleash the Power of Your Data (Storage)_images_Q2/21_accounts,Website visits,152.69 ,3155,1080,16,0,,Active
134533633,02/01/2021,JP_G3_Unleash the Power of Your Data (Storage)_images_Q2/21_accounts,Website visits,206.43 ,3707,1009,41,0,,Active
134533653,02/01/2021,JP_G3_Unleash the Power of Your Data (Storage)_images_Q2/21_accounts,Website visits,166.57 ,2858,1087,33,0,,Active
119002843,02/01/2021,UK_Simplify & Unlock Agility_videos_Q1/21,Website visits,0.00 ,0,0,0,0,0,Completed
119006073,02/01/2021,UK_Unleash the Power of Your Data (Storage)_videos_Q1/21_target account list,Website visits,0.00 ,0,0,0,0,0,Completed
122473503,02/01/2021,UK_Unleash the Power of Your Data (Storage)_videos_Q1/21_contacts,Website visits,0.00 ,0,0,0,0,0,Completed
125480523,02/01/2021,UK_Simplify & Unlock Agility_18.01,Website visits,0.00 ,0,0,0,0,0,Completed
125923093,02/01/2021,UK_Unleash the Power of Your Data (Storage)_social capture,Lead generation,0.00 ,0,0,0,0,,Completed
128322763,02/01/2021,UK_G3_Unleash the Power of Your Data (Storage)_leads_Q2/21_contacts,Lead generation,2127.71 ,41462,7223,292,31,,Active
128323043,02/01/2021,UK_G3_Unleash the Power of Your Data (Storage)_leads_Q2/21_job titles,Lead generation,3250.25 ,65602,29007,392,24,,Active
128325423,02/01/2021,UK_G3_Unleash the Power of Your Data (Storage)_videos_Q2/21_contacts,Website visits,163.38 ,15745,12679,26,0,3192,Completed
128327203,02/01/2021,UK_G3_Unleash the Power of Your Data (Storage)_videos_Q2/21_contacts,Website visits,210.11 ,17052,15885,30,0,3398,Completed
128332233,02/01/2021,UK_G3_Unleash the Power of Your Data (Storage)_videos_Q2/21_job titles,Website visits,850.29 ,92536,81299,135,0,16868,Completed
128332423,02/01/2021,UK_G3_Unleash the Power of Your Data (Storage)_videos_Q2/21_job titles,Website visits,266.71 ,32956,28626,40,0,5942,Completed
128368733,02/01/2021,UK_G4_Simplify & Unlock Agility (Storage)_images_Q2/21_contacts,Website visits,2300.00 ,228733,139917,345,0,,Completed
128368803,02/01/2021,UK_G4_Simplify & Unlock Agility (Storage)_images_Q2/21_job titles,Website visits,0.00 ,7,7,0,0,,Completed
128370023,02/01/2021,UK_G4_Simplify & Unlock Agility (Storage)_videos_Q2/21_job titles,Website visits,245.73 ,11692,8503,20,0,2542,Completed
128370253,02/01/2021,UK_G4_Simplify & Unlock Agility (Storage)_videos_Q2/21_job titles,Website visits,961.41 ,38593,18355,83,0,8331,Completed
128370433,02/01/2021,UK_G4_Simplify & Unlock Agility (Storage)_videos_Q2/21_contacts,Website visits,93.01 ,12274,10282,16,0,2436,Active
128370513,02/01/2021,UK_G4_Simplify & Unlock Agility (Storage)_videos_Q2/21_contacts,Website visits,364.58 ,31639,23301,55,0,5999,Active
128370803,02/01/2021,UK_G4_Simplify & Unlock Agility (Storage)_images_Q2/21_job titles,Website visits,2300.00 ,194699,119790,353,0,,Completed
128431143,02/01/2021,UK_G4_Simplify & Unlock Agility (Storage)_leads_Q2/21_job titles,Lead generation,0.00 ,2,0,0,0,,Completed
128433813,02/01/2021,UK_G4_Simplify & Unlock Agility (Storage)_leads_Q2/21_contacts,Lead generation,171.22 ,7943,7220,26,4,,Completed
128582333,02/01/2021,UK_G4_Simplify & Unlock Agility (Storage)_videos_Q2/21_contacts,Website visits,939.71 ,85151,39702,152,0,19115,Active
128587483,02/01/2021,UK_G4_Simplify & Unlock Agility (Storage)_videos_Q2/21_job titles,Website visits,1299.15 ,49410,22680,104,0,12837,Completed
128588033,02/01/2021,UK_G4_Simplify & Unlock Agility (Storage)_videos_Q2/21_job titles,Website visits,239.99 ,11631,8199,18,0,2835,Completed
128588963,02/01/2021,UK_G4_Simplify & Unlock Agility (Storage)_videos_Q2/21_job titles,Website visits,253.72 ,11936,8230,20,0,3046,Completed
128707183,02/01/2021,UK_G4_Simplify & Unlock Agility (Storage)_leads_Q2/21_job titles,Lead generation,160.75 ,3408,3408,18,2,,Completed
128707893,02/01/2021,UK_G4_Simplify & Unlock Agility (Storage)_leads_Q2/21_contacts,Lead generation,245.90 ,6358,5487,32,5,,Completed
128708193,02/01/2021,UK_G4_Simplify & Unlock Agility (Storage)_leads_Q2/21_contacts,Lead generation,1582.88 ,37391,31008,204,42,,Completed
128708423,02/01/2021,UK_G4_Simplify & Unlock Agility (Storage)_leads_Q2/21_job titles,Lead generation,2489.25 ,47052,45237,328,60,,Completed
128729723,02/01/2021,UK_G4_Simplify & Unlock Agility (Storage)_videos_Q2/21_contacts,Website visits,20.09 ,6012,5338,3,0,1121,Active
128805723,02/01/2021,UK_G3_Unleash the Power of Your Data (Storage)_videos_Q2/21_contacts,Website visits,495.83 ,49162,41259,81,0,8956,Completed
128805813,02/01/2021,UK_G3_Unleash the Power of Your Data (Storage)_videos_Q2/21_contacts,Website visits,290.07 ,32293,27828,48,0,6001,Completed
128831683,02/01/2021,UK_G4_Simplify & Unlock Agility (Storage)_videos_Q2/21_contacts,Website visits,131.03 ,12489,10693,18,0,2458,Active
129069233,02/01/2021,UK_G3_Unleash the Power of Your Data (Storage)_leads_Q2/21_contacts,Lead generation,188.79 ,5105,2426,25,3,,Active
129084583,02/01/2021,UK_G3_Unleash the Power of Your Data (Storage)_leads_Q2/21_job titles,Lead generation,161.92 ,4710,4546,13,0,,Active
129085403,02/01/2021,UK_G3_Unleash the Power of Your Data (Storage)_leads_Q2/21_accounts,Lead generation,2831.68 ,109598,62125,430,22,,Active
129085623,02/01/2021,UK_G3_Unleash the Power of Your Data (Storage)_leads_Q2/21_accounts,Lead generation,59.76 ,5674,4539,10,0,,Active
129514633,02/01/2021,UK_G3_Unleash the Power of Your Data (Storage)_carousel_Q2/21_contacts,Website visits,410.00 ,39077,29673,58,0,,Completed
129514633,02/01/2021,UK_G3_Unleash the Power of Your Data (Storage)_carousel_Q2/21_contacts,Website visits,,,,,,,Completed
129514633,02/01/2021,UK_G3_Unleash the Power of Your Data (Storage)_carousel_Q2/21_contacts,Website visits,,,,,,,Completed
129514883,02/01/2021,UK_G3_Unleash the Power of Your Data (Storage)_carousel_Q2/21_job titles,Website visits,65.00 ,3179,2630,7,0,,Completed
129514883,02/01/2021,UK_G3_Unleash the Power of Your Data (Storage)_carousel_Q2/21_job titles,Website visits,,,,,,,Completed
129514883,02/01/2021,UK_G3_Unleash the Power of Your Data (Storage)_carousel_Q2/21_job titles,Website visits,,,,,,,Completed
129515553,02/01/2021,UK_G3_Unleash the Power of Your Data (Storage)_carousel_Q2/21_accounts,Website visits,798.88 ,47522,32881,91,0,,Active
129515553,02/01/2021,UK_G3_Unleash the Power of Your Data (Storage)_carousel_Q2/21_accounts,Website visits,,,,,,,Active
129515553,02/01/2021,UK_G3_Unleash the Power of Your Data (Storage)_carousel_Q2/21_accounts,Website visits,,,,,,,Active
129674333,02/01/2021,UK_G3_Unleash the Power of Your Data (Storage)_videos_Q2/21_contacts,Website visits,340.61 ,11827,11411,52,0,2868,Completed
129674423,02/01/2021,UK_G3_Unleash the Power of Your Data (Storage)_videos_Q2/21_job titles,Website visits,383.00 ,16207,15939,55,0,3919,Completed
129675193,02/01/2021,UK_G3_Unleash the Power of Your Data (Storage)_videos_Q2/21_acounts,Website visits,165.39 ,16450,13329,23,0,2792,Active
129675203,02/01/2021,UK_G3_Unleash the Power of Your Data (Storage)_videos_Q2/21_acounts,Website visits,294.18 ,13575,11756,39,0,3338,Active
129675213,02/01/2021,UK_G3_Unleash the Power of Your Data (Storage)_videos_Q2/21_acounts,Website visits,404.98 ,26090,22248,50,0,4112,Active
133544253,02/01/2021,UK_G3_Unleash the Power of Your Data (Storage)_leads_Q2/21_contacts,Lead generation,11.83 ,133,117,1,1,,Active
133544283,02/01/2021,UK_G3_Unleash the Power of Your Data (Storage)_leads_Q2/21_contacts,Lead generation,0.00 ,133,133,0,0,,Active
133546213,02/01/2021,UK_G3_Unleash the Power of Your Data (Storage)_leads_Q2/21_job titles,Lead generation,10.55 ,112,112,1,0,,Active
133546223,02/01/2021,UK_G3_Unleash the Power of Your Data (Storage)_leads_Q2/21_job titles,Lead generation,0.00 ,80,80,0,0,,Active
133546693,02/01/2021,UK_G3_Unleash the Power of Your Data (Storage)_leads_Q2/21_accounts,Lead generation,0.00 ,677,653,0,0,,Active
133546703,02/01/2021,UK_G3_Unleash the Power of Your Data (Storage)_leads_Q2/21_accounts,Lead generation,17.51 ,800,758,2,0,,Active
135811093,02/01/2021,UK_G3_IDP_Image to Website_Storage Day Teaser Social Cards_Q2/21_Contacts,Website visits,80.75 ,1921,1289,17,0,,Active
135811273,02/01/2021,UK_G3_IDP_Image to Website_Storage Day Teaser Social Cards_Q2/21_Contacts,Website visits,75.83 ,1978,1208,19,0,,Active
135812103,02/01/2021,UK_G3_IDP_Image to Website_Storage Day Teaser Social Cards_Q2/21_Accounts,Website visits,76.22 ,2245,1419,25,0,,Active
135812333,02/01/2021,UK_G3_IDP_Image to Website_Storage Day Teaser Social Cards_Q2/21_Accounts,Website visits,81.28 ,2287,1693,20,0,,Active
135812813,02/01/2021,UK_G3_IDP_Image to Website_Storage Day Teaser Social Cards_Q2/21_Job Titles,Website visits,80.34 ,2749,2694,20,0,,Active
135813153,02/01/2021,UK_G3_IDP_Image to Website_Storage Day Teaser Social Cards_Q2/21_Job Titles,Website visits,76.93 ,2759,2448,23,0,,Active
124650193,02/01/2021,"ESP_ SMB_carousel_JAN 7, 2021",Website visits,0.00 ,0,0,0,0,,Completed
124650193,02/01/2021,"ESP_ SMB_carousel_JAN 7, 2021",Website visits,,,,,,,Completed
124650193,02/01/2021,"ESP_ SMB_carousel_JAN 7, 2021",Website visits,,,,,,,Completed
124774543,02/01/2021,Wednesday_Webinars_Job_Titles,Website visits,0.00 ,0,0,0,0,,Completed
125056504,02/01/2021,PL_G4_Simplify & Unlock Agility (Storage)_leads_Q2/21_ job titles,Lead generation,54.01 ,3805,1434,14,0,,Paused
125062264,02/01/2021,TUR_G4_Simplify & Unlock Agility (Storage)_leads_Q2/21_contacts,Lead generation,298.19 ,20812,5785,111,5,,Paused
125066714,02/01/2021,PL_G4_Simplify & Unlock Agility (Storage)_leads_Q2/21_contacts,Lead generation,279.93 ,14501,7797,55,2,,Paused
125067144,02/01/2021,PL_G4_Simplify & Unlock Agility (Storage)_leads_Q2/21_accounts,Lead generation,216.72 ,21030,9573,57,1,,Paused
126996153,02/01/2021,BR_G1_Cloud that Comes to You_video_Q2_contacts,Website visits,625.00 ,126588,56620,478,0,30923,Completed
126996233,02/01/2021,BR_G1_Cloud that Comes to You_video_Q2_job titles,Website visits,125.00 ,11416,6709,48,0,3633,Completed
126997323,02/01/2021,BR_G6_DERMO Corp Inv_image_Q2_contacts,Website visits,625.00 ,104184,55321,285,0,,Completed
126997453,02/01/2021,BR_G6_DERMO Corp Inv_image_Q2_job titles,Website visits,110.00 ,11323,8956,31,0,,Completed
126998483,02/01/2021,MX_G1_Cloud that Comes to You_Video_Q2/21_companies,Website visits,740.00 ,38159,18402,116,0,9197,Completed
126998563,02/01/2021,MX_G1_Cloud that Comes to You_Video_Q2_job titles,Website visits,510.00 ,29677,7577,87,0,7600,Completed
127000133,02/01/2021,MX_G6_DERMO Corp Inv_image_Q2_ contact,Website visits,50.22 ,1071,168,10,0,,Active
127000183,02/01/2021,MX_G6_DERMO Corp Inv_image_Q2_ job titles,Website visits,1185.00 ,74966,43498,268,0,,Completed
127875823,02/01/2021,BR_G1_Cloud that Comes to You_video_Q2_companies,Website visits,500.00 ,58822,32242,286,0,17623,Completed
127876483,02/01/2021,BR_G6_DERMO Corp Inv_image_Q2_companies,Website visits,515.00 ,64727,59538,229,0,,Completed
128117023,02/01/2021,x,Lead generation,5.07 ,220,220,1,0,,Paused
128160043,02/01/2021,ESP_G2_Accelerate your Data- Driven Transformation_leads_Q2/21_job titles,Lead generation,1660.00 ,73130,17192,288,19,,Completed
128167353,02/01/2021,ESP_G2_Accelerate your Data- Driven Transformation_leads_Q2/21_contacts,Lead generation,3340.00 ,150669,78270,668,46,,Completed
130346823,02/01/2021,NL_G1 Cloud That Comes To You_Leads_Q2/21_Contacts,Lead generation,502.31 ,8706,4457,27,1,,Completed
131111893,02/01/2021,ISR_G2_Accelerate your Data- Driven Transformation_videos_Q2/21_job titles,Website visits,1000.00 ,15233,10602,205,0,5765,Completed
131718283,02/01/2021,CZ_G1 Cloud That Comes To You_Leads_Q2/21_job titles,Lead generation,9.86 ,652,509,2,0,,Active
131745123,02/01/2021,FR_SMB/Transactional_NVIDIA_Image to Website_Q2/21_Accounts + Job Titles,Website visits,10000.00 ,895468,355798,1393,0,,Completed
131792803,02/01/2021,PT_G1_The Cloud that Comes to You_reg_Q2/21,Website visits,515.00 ,7583,2407,34,0,,Completed
131792803,02/01/2021,PT_G1_The Cloud that Comes to You_reg_Q2/21,Website visits,,,,,,,Completed
131792803,02/01/2021,PT_G1_The Cloud that Comes to You_reg_Q2/21,Website visits,,,,,,,Completed
131792803,02/01/2021,PT_G1_The Cloud that Comes to You_reg_Q2/21,Website visits,,,,,,,Completed
131792803,02/01/2021,PT_G1_The Cloud that Comes to You_reg_Q2/21,Website visits,,,,,,,Completed
131792803,02/01/2021,PT_G1_The Cloud that Comes to You_reg_Q2/21,Website visits,,,,,,,Completed
131798653,02/01/2021,PT_G1_The Cloud that Comes to You_reg_Q2/21_companies,Website visits,130.00 ,1480,495,6,0,,Completed
131798653,02/01/2021,PT_G1_The Cloud that Comes to You_reg_Q2/21_companies,Website visits,,,,,,,Completed
131798653,02/01/2021,PT_G1_The Cloud that Comes to You_reg_Q2/21_companies,Website visits,,,,,,,Completed
131798653,02/01/2021,PT_G1_The Cloud that Comes to You_reg_Q2/21_companies,Website visits,,,,,,,Completed
131798653,02/01/2021,PT_G1_The Cloud that Comes to You_reg_Q2/21_companies,Website visits,,,,,,,Completed
131798653,02/01/2021,PT_G1_The Cloud that Comes to You_reg_Q2/21_companies,Website visits,,,,,,,Completed
131810733,02/01/2021,PT_G1_The Cloud that Comes to You_reg_Q2/21_lists,Website visits,855.00 ,37399,17967,125,0,,Completed
131810733,02/01/2021,PT_G1_The Cloud that Comes to You_reg_Q2/21_lists,Website visits,,,,,,,Completed
131810733,02/01/2021,PT_G1_The Cloud that Comes to You_reg_Q2/21_lists,Website visits,,,,,,,Completed
131810733,02/01/2021,PT_G1_The Cloud that Comes to You_reg_Q2/21_lists,Website visits,,,,,,,Completed
131810733,02/01/2021,PT_G1_The Cloud that Comes to You_reg_Q2/21_lists,Website visits,,,,,,,Completed
131810733,02/01/2021,PT_G1_The Cloud that Comes to You_reg_Q2/21_lists,Website visits,,,,,,,Completed
132197823,02/01/2021,NL_G1 Cloud That Comes To You_Leads_Q2/21_Contacts,Lead generation,407.36 ,11099,5559,39,2,,Completed
132245033,02/01/2021,NL_G1 Cloud That Comes To You_Leads_Q2/21_Job Titles,Lead generation,90.33 ,1559,1538,3,0,,Completed
132408163,02/01/2021,UK_G5_Apollo 2000 GEN10 Plus_leads_Q2/21_job titles,Lead generation,11.89 ,1427,1427,1,0,,Paused
132408693,02/01/2021,UK_G5_Apollo 2000 GEN10 Plus_leads_Q2/21_job titles,Lead generation,61.53 ,1929,1854,4,0,,Paused
132408833,02/01/2021,UK_G5_Apollo 2000 GEN10 Plus_leads_Q2/21_job titles,Lead generation,583.99 ,9695,8732,40,0,,Paused
132408923,02/01/2021,UK_G5_Apollo 2000 GEN10 Plus_leads_Q2/21_job titles,Lead generation,203.25 ,4707,4406,15,1,,Paused
132409613,02/01/2021,CERTA_G5_Apollo 2000 GEN10 Plus_leads_Q2/21_job titles,Lead generation,454.88 ,18291,15978,81,1,,Paused
132409623,02/01/2021,CERTA_G5_Apollo 2000 GEN10 Plus_leads_Q2/21_job titles,Lead generation,64.73 ,4069,3649,16,0,,Paused
132409633,02/01/2021,CERTA_G5_Apollo 2000 GEN10 Plus_leads_Q2/21_job titles,Lead generation,106.80 ,3769,3757,19,0,,Paused
132409643,02/01/2021,CERTA_G5_Apollo 2000 GEN10 Plus_leads_Q2/21_job titles,Lead generation,305.43 ,14447,12110,59,0,,Paused
132484713,02/01/2021,BE&LU_G1_Cloud that Comes to You_carousel_Q2/21_job titles,Website visits,1565.00 ,60690,39288,149,0,,Completed
132484713,02/01/2021,BE&LU_G1_Cloud that Comes to You_carousel_Q2/21_job titles,Website visits,,,,,,,Completed
132484713,02/01/2021,BE&LU_G1_Cloud that Comes to You_carousel_Q2/21_job titles,Website visits,,,,,,,Completed
132484713,02/01/2021,BE&LU_G1_Cloud that Comes to You_carousel_Q2/21_job titles,Website visits,,,,,,,Completed
132484713,02/01/2021,BE&LU_G1_Cloud that Comes to You_carousel_Q2/21_job titles,Website visits,,,,,,,Completed
132553713,02/01/2021,BE&LU_G1_Cloud that Comes to You_carousel_Q2/21_contacts,Website visits,380.00 ,29839,11553,59,0,,Completed
132553713,02/01/2021,BE&LU_G1_Cloud that Comes to You_carousel_Q2/21_contacts,Website visits,,,,,,,Completed
132553713,02/01/2021,BE&LU_G1_Cloud that Comes to You_carousel_Q2/21_contacts,Website visits,,,,,,,Completed
132553713,02/01/2021,BE&LU_G1_Cloud that Comes to You_carousel_Q2/21_contacts,Website visits,,,,,,,Completed
132553713,02/01/2021,BE&LU_G1_Cloud that Comes to You_carousel_Q2/21_contacts,Website visits,,,,,,,Completed
132558233,02/01/2021,BE&LU_G1_Cloud that Comes to You_carousel_Q2/21_companies,Website visits,111.62 ,1378,262,7,0,,Paused
132558233,02/01/2021,BE&LU_G1_Cloud that Comes to You_carousel_Q2/21_companies,Website visits,,,,,,,Paused
132558233,02/01/2021,BE&LU_G1_Cloud that Comes to You_carousel_Q2/21_companies,Website visits,,,,,,,Paused
132558233,02/01/2021,BE&LU_G1_Cloud that Comes to You_carousel_Q2/21_companies,Website visits,,,,,,,Paused
132558233,02/01/2021,BE&LU_G1_Cloud that Comes to You_carousel_Q2/21_companies,Website visits,,,,,,,Paused
132940673,02/01/2021,CERTA_G5_Apollo 2000 GEN10 Plus_leads_Q2/21_job titles,Lead generation,1268.50 ,37839,24494,194,5,,Completed
132940683,02/01/2021,CERTA_G5_Apollo 2000 GEN10 Plus_leads_Q2/21_job titles,Lead generation,645.89 ,19576,14991,94,3,,Completed
132940693,02/01/2021,CERTA_G5_Apollo 2000 GEN10 Plus_leads_Q2/21_job titles,Lead generation,48.45 ,3132,2909,9,0,,Completed
132940703,02/01/2021,CERTA_G5_Apollo 2000 GEN10 Plus_leads_Q2/21_job titles,Lead generation,72.17 ,3250,3060,9,0,,Completed
132941493,02/01/2021,UK_G5_Apollo 2000 GEN10 Plus_leads_Q2/21_job titles,Lead generation,111.51 ,4127,4127,7,0,,Completed
132941503,02/01/2021,UK_G5_Apollo 2000 GEN10 Plus_leads_Q2/21_job titles,Lead generation,231.62 ,6204,5416,14,0,,Completed
132941513,02/01/2021,UK_G5_Apollo 2000 GEN10 Plus_leads_Q2/21_job titles,Lead generation,1193.30 ,22840,15594,77,1,,Completed
132941523,02/01/2021,UK_G5_Apollo 2000 GEN10 Plus_leads_Q2/21_job titles,Lead generation,109.57 ,3457,3177,7,0,,Completed
132942913,02/01/2021,BE&LU_The Cloud that Comes to You_carousel_Q2/21_job titles,Website visits,1143.00 ,28762,12856,82,0,,Completed
132942913,02/01/2021,BE&LU_The Cloud that Comes to You_carousel_Q2/21_job titles,Website visits,,,,,,,Completed
132942913,02/01/2021,BE&LU_The Cloud that Comes to You_carousel_Q2/21_job titles,Website visits,,,,,,,Completed
132942913,02/01/2021,BE&LU_The Cloud that Comes to You_carousel_Q2/21_job titles,Website visits,,,,,,,Completed
132942913,02/01/2021,BE&LU_The Cloud that Comes to You_carousel_Q2/21_job titles,Website visits,,,,,,,Completed
132945043,02/01/2021,PT_G1_The Cloud that Comes to You_reg_Q2/21_companies,Website visits,160.00 ,1888,509,3,0,,Completed
132945043,02/01/2021,PT_G1_The Cloud that Comes to You_reg_Q2/21_companies,Website visits,,,,,,,Completed
132945043,02/01/2021,PT_G1_The Cloud that Comes to You_reg_Q2/21_companies,Website visits,,,,,,,Completed
132945043,02/01/2021,PT_G1_The Cloud that Comes to You_reg_Q2/21_companies,Website visits,,,,,,,Completed
132945043,02/01/2021,PT_G1_The Cloud that Comes to You_reg_Q2/21_companies,Website visits,,,,,,,Completed
132945043,02/01/2021,PT_G1_The Cloud that Comes to You_reg_Q2/21_companies,Website visits,,,,,,,Completed
132949573,02/01/2021,CZ_G1 Cloud That Comes To You_Leads_Q2/21_contacts,Lead generation,474.56 ,21203,8160,52,0,,Active
133231413,02/01/2021,FR_G5_Apollo 2000 GEN10 Plus_leads_Q2/21 job titles,Lead generation,494.07 ,15068,9678,52,1,,Active
133231503,02/01/2021,FR_G5_Apollo 2000 GEN10 Plus_leads_Q2/21 job titles,Lead generation,307.14 ,11110,7500,34,1,,Active
133231653,02/01/2021,FR_G5_Apollo 2000 GEN10 Plus_leads_Q2/21 job titles,Lead generation,740.35 ,23600,11674,83,0,,Active
133231673,02/01/2021,FR_G5_Apollo 2000 GEN10 Plus_leads_Q2/21 job titles,Lead generation,1939.01 ,55029,22959,203,4,,Active
133242483,02/01/2021,FR_G5_Apollo 2000 GEN10 Plus_leads_Q2/21_ accounts,Lead generation,94.21 ,4481,4399,12,0,,Completed
133242493,02/01/2021,FR_G5_Apollo 2000 GEN10 Plus_leads_Q2/21_ accounts,Lead generation,176.83 ,8535,8535,30,0,,Completed
133242503,02/01/2021,FR_G5_Apollo 2000 GEN10 Plus_leads_Q2/21_ accounts,Lead generation,526.31 ,20565,19092,83,1,,Completed
133242513,02/01/2021,FR_G5_Apollo 2000 GEN10 Plus_leads_Q2/21_ accounts,Lead generation,202.66 ,8415,7406,31,0,,Completed
133243743,02/01/2021,CERTA_G5_Apollo 2000 GEN10 Plus_leads_Q2/21_accounts,Lead generation,370.01 ,20964,20964,96,1,,Completed
133243753,02/01/2021,CERTA_G5_Apollo 2000 GEN10 Plus_leads_Q2/21_accounts,Lead generation,128.59 ,5886,5608,29,1,,Completed
133243763,02/01/2021,CERTA_G5_Apollo 2000 GEN10 Plus_leads_Q2/21_accounts,Lead generation,777.90 ,36998,30804,199,4,,Completed
133243773,02/01/2021,CERTA_G5_Apollo 2000 GEN10 Plus_leads_Q2/21_accounts,Lead generation,758.51 ,37728,26513,192,2,,Completed
133598373,02/01/2021,CZ_G1 Cloud That Comes To You_Leads_Q2/21_job titles,Lead generation,233.97 ,4298,1402,27,1,,Active
133904633,02/01/2021,FR_G1_Cloud that Comes to You_leads_Q2/21_job titles_1-500,Lead generation,630.00 ,17833,8336,67,11,,Completed
133905873,02/01/2021,FR_G1_Cloud that Comes to You_leads_Q2/21_job titles_500 - 1000,Lead generation,150.00 ,3381,1398,14,0,,Completed
133906333,02/01/2021,FR_G1_Cloud that Comes to You_leads_Q2/21_job titles_up 1000,Lead generation,227.86 ,6368,4618,21,1,,Completed
134635303,02/01/2021,BE&LU_Pavement 10 reasons_leads_Q2/21,Lead generation,443.67 ,13683,5931,50,1,,Active
134635303,02/01/2021,BE&LU_Pavement 10 reasons_leads_Q2/21,Lead generation,,,,,,,Active
134635303,02/01/2021,BE&LU_Pavement 10 reasons_leads_Q2/21,Lead generation,,,,,,,Active
134635303,02/01/2021,BE&LU_Pavement 10 reasons_leads_Q2/21,Lead generation,,,,,,,Active
134635303,02/01/2021,BE&LU_Pavement 10 reasons_leads_Q2/21,Lead generation,,,,,,,Active
134635303,02/01/2021,BE&LU_Pavement 10 reasons_leads_Q2/21,Lead generation,,,,,,,Active
135339133,02/01/2021,CZ_G1 Cloud That Comes To You_Leads_Q2/21_skills,Lead generation,39.37 ,1180,1180,3,0,,Active
